{"india gdp grows 7.2% in q3, beating expectations": 1779726746.712739, "spacex valuation could leapfrog berkshire hathaway": 1779726746.712739, "imax held preliminary talks with potential buyers": 1779726746.712739, "rbi holds rates steady, mpc unanimous": 1779726746.712739}